year,gdp,gini
111,1166046.5,0.47649660944994116
112,1099285.6,0.4496428620333952
113,1133483.1,0.46560034429498154
114,1167043.0,0.49324373555154866
115,1097953.0,0.45473896257876534